Business Structure,Revenue
Limited Liability Company (LLC),1877825
Corporation,429610
Partnership,4624226
Sole Proprietorship,4118603
Corporation,3754854
Corporation,2351057
Partnership,1729583
Partnership,9159732
Limited Liability Company (LLC),1468591
Limited Liability Company (LLC),9916820
Corporation,7088673
Sole Proprietorship,543224
Limited Liability Company (LLC),509914
Sole Proprietorship,1581945
Partnership,3678136
Partnership,3913402
Limited Liability Company (LLC),8488454
Corporation,455199
Partnership,9426129
Sole Proprietorship,3345942
Corporation,9152600
Limited Liability Company (LLC),7048374
Partnership,3708379
Limited Liability Company (LLC),7546477
Corporation,9896237
Corporation,4677265
Corporation,119031
Sole Proprietorship,2688638
Corporation,7100293
Corporation,5718456
Partnership,4671907
Sole Proprietorship,2618513
Sole Proprietorship,3622365
Limited Liability Company (LLC),5657119
Corporation,1724803
Partnership,1566017
Limited Liability Company (LLC),6384122
Corporation,1632631
Sole Proprietorship,6032674
Corporation,5780619
Corporation,4447923
Partnership,738977
Partnership,7717870
Partnership,9006414
Limited Liability Company (LLC),2104235
Partnership,6360753
Limited Liability Company (LLC),1332047
Corporation,9271704
Limited Liability Company (LLC),4928715
Limited Liability Company (LLC),6077228
Partnership,9696361
Partnership,3236067
Sole Proprietorship,1176941
Limited Liability Company (LLC),778805
Corporation,3833498
Sole Proprietorship,4865124
Sole Proprietorship,1348687
Sole Proprietorship,3915582
Partnership,1704522
Partnership,6387459
Partnership,4673623
Corporation,7616962
Limited Liability Company (LLC),6130868
Sole Proprietorship,2738882
Partnership,6220606
Limited Liability Company (LLC),5970453
Sole Proprietorship,3524944
Limited Liability Company (LLC),4489144
Sole Proprietorship,1207935
Limited Liability Company (LLC),2881230
Partnership,8971380
Limited Liability Company (LLC),4117245
Limited Liability Company (LLC),2751438
Sole Proprietorship,7765439
Limited Liability Company (LLC),6376205
Corporation,4538972
Sole Proprietorship,9354066
Limited Liability Company (LLC),3694531
Corporation,5450561
Sole Proprietorship,948483
Partnership,3852788
Sole Proprietorship,548552
Sole Proprietorship,5302423
Limited Liability Company (LLC),6740428
Corporation,4501946
Sole Proprietorship,1120460
Sole Proprietorship,3549704
Sole Proprietorship,9525702
Limited Liability Company (LLC),5289418
Sole Proprietorship,3577281
Corporation,8385710
Limited Liability Company (LLC),6647601
Partnership,7708256
Partnership,2406987
Limited Liability Company (LLC),4453951
Corporation,2352608
Limited Liability Company (LLC),4147722
Limited Liability Company (LLC),9428194
Limited Liability Company (LLC),9052538
Limited Liability Company (LLC),4418072
Sole Proprietorship,9817725
Partnership,7197926
Corporation,9800057
Sole Proprietorship,6710828
Partnership,6083292
Limited Liability Company (LLC),3689591
Partnership,2330821
Partnership,8558432
Sole Proprietorship,8289821
Sole Proprietorship,1535206
Corporation,800481
Limited Liability Company (LLC),1849607
Limited Liability Company (LLC),2574251
Limited Liability Company (LLC),2694052
Partnership,7092668
Partnership,1075818
Limited Liability Company (LLC),6465324
Corporation,6412509
Partnership,7862574
Corporation,8887065
Partnership,4228028
Sole Proprietorship,9291590
Sole Proprietorship,202619
Limited Liability Company (LLC),1931859
Sole Proprietorship,9018867
Partnership,4486583
Partnership,5717197
Sole Proprietorship,1881534
Sole Proprietorship,4934115
Sole Proprietorship,7304150
Limited Liability Company (LLC),2663446
Sole Proprietorship,7622220
Partnership,64447
Sole Proprietorship,4428934
Limited Liability Company (LLC),8408441
Limited Liability Company (LLC),3007281
Partnership,8527485
Partnership,1795277
Sole Proprietorship,5017072
Partnership,8527169
Corporation,3347174
Partnership,2574217
Corporation,6283233
Corporation,2720343
Partnership,9059278
Corporation,8907858
Partnership,19594
Partnership,5448436
Limited Liability Company (LLC),8207443
Corporation,336765
Corporation,1886828
Sole Proprietorship,6099806
Partnership,5169230
Limited Liability Company (LLC),4027343
Limited Liability Company (LLC),981823
Sole Proprietorship,4051154
Corporation,9528669
Limited Liability Company (LLC),1331324
Corporation,1447026
Limited Liability Company (LLC),8163566
Limited Liability Company (LLC),1171193
Partnership,8947326
Corporation,2119911
Limited Liability Company (LLC),2164051
Partnership,7983915
Limited Liability Company (LLC),9234173
Partnership,2780370
Partnership,4456912
Corporation,8862897
Partnership,7109076
Limited Liability Company (LLC),3563384
Sole Proprietorship,9057886
Limited Liability Company (LLC),3384754
Limited Liability Company (LLC),5239731
Partnership,6703979
Limited Liability Company (LLC),6274956
Partnership,7360099
Corporation,8693481
Partnership,7584680
Corporation,2040113
Sole Proprietorship,4169166
Limited Liability Company (LLC),3779795
Corporation,1084176
Sole Proprietorship,5682134
Partnership,362896
Sole Proprietorship,9880182
Corporation,9303261
Limited Liability Company (LLC),3870684
Sole Proprietorship,9882386
Sole Proprietorship,3704634
Partnership,130642
Partnership,1201066
Limited Liability Company (LLC),997737
Partnership,3851005
Corporation,1140789
Corporation,537021
Sole Proprietorship,5553670
Partnership,1198789
Partnership,8636108
Sole Proprietorship,4003055
Limited Liability Company (LLC),4682073
Partnership,8153903
Partnership,3604297
Limited Liability Company (LLC),9056844
Partnership,2229824
Corporation,9590513
Corporation,9677227
Limited Liability Company (LLC),7940103
Limited Liability Company (LLC),4086817
Corporation,7945169
Corporation,6839332
Corporation,3204548
Corporation,1592524
Limited Liability Company (LLC),1636229
Limited Liability Company (LLC),7241838
Sole Proprietorship,5954126
Limited Liability Company (LLC),7116470
Corporation,6907151
Partnership,7845373
Corporation,918841
Corporation,1661177
Limited Liability Company (LLC),1026911
Sole Proprietorship,6764864
Partnership,5702553
Partnership,1843230
Sole Proprietorship,4181761
Corporation,3224348
Limited Liability Company (LLC),3201175
Corporation,9007381
Partnership,7536486
Partnership,2361868
Corporation,7087999
Partnership,3088418
Limited Liability Company (LLC),4683212
Partnership,7771611
Limited Liability Company (LLC),4201056
Corporation,1274748
Corporation,7444500
Limited Liability Company (LLC),9242926
Limited Liability Company (LLC),1652635
Limited Liability Company (LLC),858731
Partnership,9079560
Corporation,257595
Partnership,1574689
Partnership,3975789
Limited Liability Company (LLC),2800237
Partnership,6828496
Sole Proprietorship,8157706
Sole Proprietorship,8085854
Sole Proprietorship,3596084
Sole Proprietorship,6738339
Sole Proprietorship,993738
Limited Liability Company (LLC),2772152
Partnership,6368113
Partnership,46161
Sole Proprietorship,6560190
Partnership,4459368
Sole Proprietorship,7643773
Partnership,4795687
Limited Liability Company (LLC),7106887
Corporation,9334245
Sole Proprietorship,8174991
Limited Liability Company (LLC),2607059
Limited Liability Company (LLC),3195957
Sole Proprietorship,4987931
Sole Proprietorship,3662414
Limited Liability Company (LLC),991186
Sole Proprietorship,9727032
Sole Proprietorship,9106526
Corporation,1032698
Corporation,5271415
Sole Proprietorship,969074
Limited Liability Company (LLC),851248
Partnership,9810873
Sole Proprietorship,8009183
Sole Proprietorship,8446429
Partnership,8920817
Partnership,2651282
Partnership,964280
Corporation,8529948
Corporation,1354047
Corporation,3127625
Limited Liability Company (LLC),1159597
Sole Proprietorship,9993032
Corporation,1150194
Limited Liability Company (LLC),3956066
Limited Liability Company (LLC),6784229
Partnership,2021363
Partnership,9567567
Corporation,4140808
Sole Proprietorship,9722650
Sole Proprietorship,9984376
Sole Proprietorship,676754
Limited Liability Company (LLC),1385453
Limited Liability Company (LLC),7043426
Limited Liability Company (LLC),9802396
Limited Liability Company (LLC),9492934
Sole Proprietorship,8780838
Sole Proprietorship,5317805
Partnership,4384922
Sole Proprietorship,3436900
Limited Liability Company (LLC),5281130
Limited Liability Company (LLC),4014485
Corporation,4466272
Sole Proprietorship,6650184
Sole Proprietorship,2205773
Partnership,5043115
Partnership,7680955
Limited Liability Company (LLC),5314573
Corporation,1227071
Sole Proprietorship,166287
Sole Proprietorship,7698755
Corporation,9455465
Sole Proprietorship,1687407
Partnership,1239110
Corporation,9030008
Sole Proprietorship,3586135
Partnership,8497336
Partnership,4459324
Limited Liability Company (LLC),2232252
Sole Proprietorship,5865396
Corporation,1164126
Partnership,4108412
Partnership,6209635
Limited Liability Company (LLC),4791295
Corporation,2656552
Limited Liability Company (LLC),7361517
Partnership,9123685
Sole Proprietorship,5085395
Corporation,8884152
Sole Proprietorship,141249
Sole Proprietorship,9314682
Limited Liability Company (LLC),5032741
Partnership,1747893
Sole Proprietorship,2263031
Corporation,4447001
Limited Liability Company (LLC),1946571
Corporation,1805765
Sole Proprietorship,9291552
Corporation,2617983
Limited Liability Company (LLC),4579244
Limited Liability Company (LLC),4737085
Partnership,3543779
Corporation,5762576
Limited Liability Company (LLC),3425796
Limited Liability Company (LLC),4438914
Partnership,8489356
Limited Liability Company (LLC),8206204
Sole Proprietorship,4223115
Corporation,862264
Partnership,1558511
Sole Proprietorship,7116422
Sole Proprietorship,4651923
Corporation,749653
Partnership,69486
Limited Liability Company (LLC),5606150
Partnership,2204789
Limited Liability Company (LLC),4404880
Corporation,2720895
Corporation,7422769
Sole Proprietorship,9265661
Sole Proprietorship,7185395
Sole Proprietorship,9420455
Corporation,172230
Limited Liability Company (LLC),1886932
Corporation,1272382
Corporation,2510715
Sole Proprietorship,9163486
Partnership,614451
Sole Proprietorship,6204416
Partnership,9782888
Limited Liability Company (LLC),9279832
Limited Liability Company (LLC),2494601
Limited Liability Company (LLC),7220624
Sole Proprietorship,2148181
Sole Proprietorship,711771
Sole Proprietorship,5181716
Corporation,6127837
Sole Proprietorship,679324
Corporation,6013042
Limited Liability Company (LLC),3534499
Sole Proprietorship,4196414
Corporation,1734590
Limited Liability Company (LLC),5943742
Limited Liability Company (LLC),9403286
Sole Proprietorship,6827881
Partnership,2602974
Partnership,3981793
Limited Liability Company (LLC),2736327
Partnership,2980445
Partnership,6927152
Corporation,425846
Corporation,3019172
Corporation,5583147
Limited Liability Company (LLC),6917400
Partnership,4173555
Sole Proprietorship,4486257
Partnership,2680896
Limited Liability Company (LLC),1823543
Corporation,6427985
Limited Liability Company (LLC),659691
Corporation,7906868
Limited Liability Company (LLC),3741818
Sole Proprietorship,3358276
Corporation,7732606
Corporation,5876294
Partnership,5130253
Limited Liability Company (LLC),3828418
Partnership,3750036
Limited Liability Company (LLC),407023
Sole Proprietorship,3250180
Partnership,6695149
Corporation,5517321
Sole Proprietorship,4684183
Limited Liability Company (LLC),1174686
Corporation,4692940
Limited Liability Company (LLC),5901254
Corporation,8556409
Limited Liability Company (LLC),6715490
Corporation,9006207
Limited Liability Company (LLC),5565772
Partnership,473060
Corporation,1945113
Corporation,4392463
Partnership,3005870
Limited Liability Company (LLC),9750679
Corporation,4463786
Partnership,651849
Limited Liability Company (LLC),1828692
Corporation,7300770
Corporation,5809667
Limited Liability Company (LLC),5272632
Partnership,7331474
Corporation,8590255
Limited Liability Company (LLC),1950214
Corporation,6472506
Limited Liability Company (LLC),9683542
Corporation,3198992
Sole Proprietorship,4283534
Partnership,754682
Partnership,7325831
Sole Proprietorship,38374
Limited Liability Company (LLC),8732815
Partnership,9043725
Limited Liability Company (LLC),3315700
Corporation,6120622
Sole Proprietorship,7245969
Limited Liability Company (LLC),1183965
Limited Liability Company (LLC),5549837
Partnership,5276630
Corporation,2100865
Partnership,5048571
Corporation,8518103
Partnership,5198935
Limited Liability Company (LLC),6861696
Limited Liability Company (LLC),5482441
Sole Proprietorship,6761158
Limited Liability Company (LLC),4970271
Limited Liability Company (LLC),9311497
Limited Liability Company (LLC),2145534
Limited Liability Company (LLC),3228542
Sole Proprietorship,7063918
Corporation,6371002
Sole Proprietorship,2929694
Sole Proprietorship,9558001
Partnership,5059101
Corporation,6822810
Partnership,9202860
Sole Proprietorship,16810
Limited Liability Company (LLC),5108175
Corporation,4823613
Limited Liability Company (LLC),3536280
Sole Proprietorship,7222326
Sole Proprietorship,9740529
Sole Proprietorship,5416444
Corporation,7811207
Partnership,7421939
Partnership,7428210
Limited Liability Company (LLC),3595314
Corporation,8586076
Limited Liability Company (LLC),7948746
Limited Liability Company (LLC),2856949
Partnership,1432633
Corporation,4771145
Sole Proprietorship,8657849
Limited Liability Company (LLC),5633525
Sole Proprietorship,1576777
Corporation,3950441
Limited Liability Company (LLC),5217974
Sole Proprietorship,3778844
Sole Proprietorship,3350845
Partnership,2482189
Corporation,419790
Corporation,785337
Corporation,4117776
Limited Liability Company (LLC),7981465
Partnership,1231854
Limited Liability Company (LLC),7650615
Corporation,6963166
Limited Liability Company (LLC),9668155
Sole Proprietorship,3272081
Limited Liability Company (LLC),6452089
Limited Liability Company (LLC),8304272
Corporation,6715062
Sole Proprietorship,4103379
Corporation,2485836
Sole Proprietorship,103026
Sole Proprietorship,1798238
Sole Proprietorship,7142769
Corporation,3681545
Sole Proprietorship,2960888
Partnership,8699889
Partnership,7803853
Partnership,852524
Partnership,9361717
Corporation,4190853
Limited Liability Company (LLC),2046059
Limited Liability Company (LLC),7668158
Partnership,2247058
Limited Liability Company (LLC),7805419
Partnership,8920914
Partnership,9387210
Limited Liability Company (LLC),5333376
Limited Liability Company (LLC),7435149
Sole Proprietorship,8478772
Partnership,7169521
Limited Liability Company (LLC),9201766
Limited Liability Company (LLC),7491188
Limited Liability Company (LLC),2680226
Sole Proprietorship,7973715
Partnership,7560917
Partnership,4358512
Corporation,4157994
Sole Proprietorship,4662512
Sole Proprietorship,8755959
Partnership,8140188
Corporation,4023879
Corporation,4616980
Partnership,7389837
Limited Liability Company (LLC),1309954
Sole Proprietorship,4803722
Corporation,3944149
Limited Liability Company (LLC),4568623
Corporation,5644586
Limited Liability Company (LLC),5373836
Limited Liability Company (LLC),9072250
Sole Proprietorship,1361868
Corporation,2331531
Corporation,2540518
Limited Liability Company (LLC),3889923
Partnership,6436265
Corporation,2573646
Sole Proprietorship,3599533
Partnership,1087581
Corporation,6970328
Sole Proprietorship,6848382
Partnership,5561268
Corporation,9113504
Sole Proprietorship,7826912
Partnership,6985534
Corporation,1054645
Partnership,3480105
Limited Liability Company (LLC),7058838
Limited Liability Company (LLC),6544336
Partnership,9809226
Limited Liability Company (LLC),337691
Limited Liability Company (LLC),9668481
Partnership,6391734
Limited Liability Company (LLC),8012392
Partnership,108919
Partnership,5911533
Limited Liability Company (LLC),5019888
Corporation,6552890
Partnership,7040010
Partnership,9039842
Corporation,9172579
Limited Liability Company (LLC),3710025
Sole Proprietorship,8201131
Corporation,3691284
Sole Proprietorship,4589094
Limited Liability Company (LLC),7322114
Partnership,8157720
Partnership,496955
Limited Liability Company (LLC),6533941
Limited Liability Company (LLC),5649317
Limited Liability Company (LLC),6793308
Limited Liability Company (LLC),2778991
Limited Liability Company (LLC),7851505
Limited Liability Company (LLC),2151239
Limited Liability Company (LLC),8971107
Partnership,462421
Sole Proprietorship,6620562
Sole Proprietorship,9940312
Partnership,9478926
Corporation,464696
Sole Proprietorship,1418404
Corporation,7200929
Partnership,2286659
Corporation,7756014
Partnership,3058907
Limited Liability Company (LLC),853636
Limited Liability Company (LLC),4374698
Sole Proprietorship,6370307
Sole Proprietorship,5502066
Corporation,3561070
Corporation,7638588
Sole Proprietorship,5493562
Limited Liability Company (LLC),5672319
Partnership,6370682
Limited Liability Company (LLC),4678371
Sole Proprietorship,7082684
Partnership,4242413
Corporation,1384158
Sole Proprietorship,7900439
Limited Liability Company (LLC),335197
Corporation,9059949
Corporation,883851
Sole Proprietorship,5881360
Limited Liability Company (LLC),3771823
Sole Proprietorship,1161225
Partnership,685419
Partnership,530596
Corporation,4158725
Limited Liability Company (LLC),3354717
Partnership,351919
Partnership,2566551
Partnership,4012120
Partnership,2127636
Sole Proprietorship,7955036
Corporation,1929136
Corporation,9471839
Partnership,3666838
Corporation,7811975
Corporation,4309055
Corporation,6199034
Corporation,2825034
Sole Proprietorship,1931542
Partnership,2757534
Limited Liability Company (LLC),5228367
Sole Proprietorship,1823596
Corporation,9718718
Partnership,440812
Partnership,5243774
Partnership,9670266
Partnership,6306605
Corporation,6664757
Partnership,3337421
Limited Liability Company (LLC),1285009
Limited Liability Company (LLC),9943753
Partnership,4084336
Corporation,1719620
Limited Liability Company (LLC),5069717
Limited Liability Company (LLC),2040966
Limited Liability Company (LLC),9504772
Sole Proprietorship,699025
Sole Proprietorship,5835112
Limited Liability Company (LLC),8947982
Corporation,7196990
Corporation,6227147
Limited Liability Company (LLC),1166902
Limited Liability Company (LLC),8498613
Corporation,5734909
Sole Proprietorship,222267
Sole Proprietorship,7057416
Limited Liability Company (LLC),8234219
Corporation,1780648
Sole Proprietorship,7283315
Limited Liability Company (LLC),6086506
Partnership,7723146
Limited Liability Company (LLC),2576765
Partnership,7316261
Limited Liability Company (LLC),2965087
Corporation,8763457
Corporation,4541230
Corporation,9039043
Corporation,8121742
Partnership,7809287
Limited Liability Company (LLC),7317727
Corporation,9950074
Sole Proprietorship,4512929
Sole Proprietorship,5417373
Sole Proprietorship,4128725
Limited Liability Company (LLC),1463962
Sole Proprietorship,4689639
Sole Proprietorship,7573202
Partnership,4101349
Limited Liability Company (LLC),7806514
Limited Liability Company (LLC),9570490
Sole Proprietorship,6368385
Limited Liability Company (LLC),5653798
Partnership,491506
Partnership,8303086
Corporation,5462832
Partnership,3060766
Corporation,8189730
Sole Proprietorship,3568780
Corporation,5962975
Corporation,4344434
Sole Proprietorship,5719938
Corporation,4701890
Partnership,4645017
Sole Proprietorship,9334626
Limited Liability Company (LLC),180307
Corporation,8677566
Partnership,3215394
Limited Liability Company (LLC),1446347
Sole Proprietorship,4059282
Sole Proprietorship,6828732
Sole Proprietorship,8206976
Partnership,9324311
Limited Liability Company (LLC),4041966
Sole Proprietorship,7997516
Partnership,8244615
Partnership,7529121
Limited Liability Company (LLC),299293
Sole Proprietorship,1571176
Sole Proprietorship,4946453
Corporation,3727770
Sole Proprietorship,6794725
Limited Liability Company (LLC),4091983
Partnership,5147284
Limited Liability Company (LLC),9766883
Sole Proprietorship,6201135
Partnership,7949993
Limited Liability Company (LLC),9295735
Sole Proprietorship,8917391
Sole Proprietorship,5777292
Sole Proprietorship,7148769
Corporation,9243986
Corporation,5559757
Corporation,5912401
Partnership,7622582
Limited Liability Company (LLC),4555223
Partnership,5154280
Partnership,4227853
Sole Proprietorship,3877786
Sole Proprietorship,2034269
Partnership,3241028
Limited Liability Company (LLC),5304016
Corporation,2015795
Partnership,9000305
Partnership,3116298
Limited Liability Company (LLC),3223524
Limited Liability Company (LLC),3640331
Partnership,8133504
Sole Proprietorship,4648893
Sole Proprietorship,9901626
Partnership,8811946
Sole Proprietorship,4757930
Limited Liability Company (LLC),1696548
Corporation,3266752
Limited Liability Company (LLC),4980190
Corporation,3826534
Partnership,6064579
Partnership,3020529
Corporation,5081208
Sole Proprietorship,247370
Partnership,8971299
Corporation,2133709
Sole Proprietorship,4612180
Corporation,773626
Partnership,924794
Partnership,9293822
Limited Liability Company (LLC),4911239
Corporation,2128618
Sole Proprietorship,8245577
Partnership,1731135
Limited Liability Company (LLC),215779
Limited Liability Company (LLC),9641199
Sole Proprietorship,4780422
Partnership,7885173
Limited Liability Company (LLC),8041491
Sole Proprietorship,7399840
Sole Proprietorship,5726097
Corporation,3103109
Corporation,871958
Partnership,4245884
Limited Liability Company (LLC),8024965
Limited Liability Company (LLC),1924064
Corporation,1106280
Partnership,6732755
Limited Liability Company (LLC),8260138
Sole Proprietorship,1252892
Sole Proprietorship,9690808
Sole Proprietorship,909411
Sole Proprietorship,2555556
Corporation,2513120
Partnership,9452881
Sole Proprietorship,5107514
Sole Proprietorship,1439098
Limited Liability Company (LLC),4173953
Corporation,1997287
Limited Liability Company (LLC),9372911
Limited Liability Company (LLC),6992241
Limited Liability Company (LLC),3796401
Sole Proprietorship,8777312
Partnership,6391684
Corporation,7568378
Sole Proprietorship,7437625
Corporation,4998757
Sole Proprietorship,9883813
Partnership,7204570
Partnership,5133430
Corporation,9550019
Limited Liability Company (LLC),1020496
Sole Proprietorship,1674863
Corporation,3496102
Limited Liability Company (LLC),3550415
Partnership,4450025
Sole Proprietorship,1372099
Partnership,2644980
Sole Proprietorship,4034269
Limited Liability Company (LLC),2926107
Sole Proprietorship,9270893
Limited Liability Company (LLC),1269379
Sole Proprietorship,2636181
Corporation,54891
Partnership,6863787
Sole Proprietorship,7568197
Sole Proprietorship,9972498
Partnership,7893823
Sole Proprietorship,4896520
Partnership,557605
Limited Liability Company (LLC),3893526
Corporation,4843597
Corporation,4753227
Partnership,7627381
Corporation,1204198
Partnership,3926201
Corporation,4448490
Sole Proprietorship,9905027
Sole Proprietorship,3328855
Corporation,7142648
Limited Liability Company (LLC),1935626
Corporation,9146240
Sole Proprietorship,3781676
Corporation,2509627
Sole Proprietorship,4466573
Limited Liability Company (LLC),2396328
Limited Liability Company (LLC),1208058
Corporation,1010560
Sole Proprietorship,2793722
Limited Liability Company (LLC),5170869
Partnership,9993182
Corporation,9559709
Partnership,4852082
Corporation,7377772
Sole Proprietorship,2096308
Sole Proprietorship,7873447
Partnership,5111803
Sole Proprietorship,6762972
Sole Proprietorship,4577533
Sole Proprietorship,8406529
Partnership,9069387
Sole Proprietorship,8294509
Limited Liability Company (LLC),7354375
Corporation,1359590
Limited Liability Company (LLC),678752
Partnership,7258238
Partnership,5417658
Sole Proprietorship,4210476
Limited Liability Company (LLC),443940
Partnership,1542210
Corporation,3850714
Partnership,9660239
Limited Liability Company (LLC),9860288
Corporation,358050
Corporation,4531644
Sole Proprietorship,9677820
Corporation,684975
Sole Proprietorship,2949212
Sole Proprietorship,7903693
Partnership,8716768
Partnership,7429378
Sole Proprietorship,4676692
Limited Liability Company (LLC),3054882
Sole Proprietorship,9830201
Limited Liability Company (LLC),7322936
Corporation,8259789
Corporation,1540793
Corporation,7895465
Sole Proprietorship,5847817
Limited Liability Company (LLC),6860944
Sole Proprietorship,5601986
Corporation,5396463
Partnership,1764894
Corporation,2708193
Corporation,5543187
Partnership,6916258
Limited Liability Company (LLC),8322590
Corporation,4845492
Limited Liability Company (LLC),6728473
Partnership,9239089
Partnership,625675
Partnership,7640712
Sole Proprietorship,1487398
Limited Liability Company (LLC),5286722
Sole Proprietorship,4244550
Partnership,5433634
Corporation,1954841
Sole Proprietorship,6790932
Corporation,8643492
Sole Proprietorship,29311
Limited Liability Company (LLC),9113209
Corporation,7760676
Sole Proprietorship,6943143
Partnership,919393
Partnership,3157112
Limited Liability Company (LLC),8707969
Limited Liability Company (LLC),6079650
Sole Proprietorship,8373326
Partnership,7426216
Corporation,875901
Sole Proprietorship,3425140
Sole Proprietorship,4490460
Partnership,9224376
Limited Liability Company (LLC),2208037
Corporation,4842327
Limited Liability Company (LLC),7360368
Sole Proprietorship,8142114
Sole Proprietorship,2047191
Partnership,494348
Limited Liability Company (LLC),4024745
Sole Proprietorship,2667144
Sole Proprietorship,5223522
Limited Liability Company (LLC),9251545
Partnership,239419
Partnership,9275241
Corporation,6854947
Corporation,1573790
Corporation,3779851
Limited Liability Company (LLC),1913561
Corporation,7751810
Corporation,1980754
Limited Liability Company (LLC),2593206
Corporation,8371353
Partnership,4906624
Sole Proprietorship,8547455
Partnership,4597308
Partnership,6980771
Sole Proprietorship,8104999
Partnership,7932533
Sole Proprietorship,4099126
Partnership,7673605
Limited Liability Company (LLC),9258693
Limited Liability Company (LLC),2436689
Corporation,6445505
Limited Liability Company (LLC),3207911
Sole Proprietorship,8536867
Corporation,2300229
Partnership,1181218
Limited Liability Company (LLC),4644662
Corporation,6971578
Limited Liability Company (LLC),5712160
Corporation,8528424
Sole Proprietorship,4492413
Sole Proprietorship,53037
Partnership,4755250
Corporation,5018935
Sole Proprietorship,9857180
Partnership,9739499
Corporation,8224801
Partnership,2503017
Sole Proprietorship,7501822
Partnership,9045882
Corporation,8135900
Limited Liability Company (LLC),5800218
Sole Proprietorship,5587416
Corporation,9269637
Corporation,9127243
Partnership,6338534
Sole Proprietorship,7649414
Limited Liability Company (LLC),5408528
Limited Liability Company (LLC),3175061
Partnership,4016492
Sole Proprietorship,9603172
Limited Liability Company (LLC),6435184
Sole Proprietorship,3928527
Partnership,6901662
Sole Proprietorship,742280
Sole Proprietorship,5348112
Sole Proprietorship,7945224
Partnership,6405997
Partnership,6487326
Partnership,2561903
Limited Liability Company (LLC),8320235
Corporation,631086
Sole Proprietorship,2128060
Corporation,8437047
Sole Proprietorship,9911584
Sole Proprietorship,5579946
Sole Proprietorship,1693838
Partnership,7397112
Limited Liability Company (LLC),1682884
Partnership,8833994
Sole Proprietorship,7675981
Corporation,267489
Sole Proprietorship,2428526
Sole Proprietorship,6888299
Limited Liability Company (LLC),2599751
